[{"pId":1,"coffeeName":"Guatemala Antigua","price":4.00},
{"pId":2,"coffeeName":"Kenya Gatagua AA","price":3.06},
{"pId":3,"coffeeName":"Indonesia Sumatra Mandhelling","price":3.50},
{"pId":4,"coffeeName":"Colombia Medellin Supremo","price":5.06},
{"pId":5,"coffeeName":"Ethiopia Yirgacheffe","price":4.80},
{"pId":6,"coffeeName":"Brazil Cerrado","price":3.50},
{"pId":7,"coffeeName":"Vietnam Robusta","price":5.06},
{"pId":8,"coffeeName":"Costa Rica Tarrazu","price":3.50},
{"pId":9,"coffeeName":"Aurora Venecia Natural","price":5.06},
{"pId":10,"coffeeName":"Peru Penachi","price":5.06},
{"pId":11,"coffeeName":"Las Rosas","price":4.00},
{"pId":12,"coffeeName":"MURAMBA","price":5.06},
{"pId":13,"coffeeName":"Honduras Comayagua","price":3.50},
{"pId":14,"coffeeName":"Colombia Finca La Floresta","price":5.06},
{"pId":15,"coffeeName":"Philippines Bansalan, Davao del Sur","price":5.06},
{"pId":16,"coffeeName":"Colombia Alexander Suarez","price":4.80},
{"pId":17,"coffeeName":"Nicaragua Dipilto Mountains","price":5.06},
{"pId":18,"coffeeName":"Rwanda Murundo","price":4.00},
{"pId":19,"coffeeName":"Mexico Chiapas","price":3.50},
{"pId":20,"coffeeName":"Burundi Businde","price":5.06}]